"gender","lang","ses","minor","sch","prog","locus","concept","mot","career","read","write","math","sci","ss"
"female","spanish","low","yes","public","general",-1.78,0.56,1,"prof1",28.3,46.3,42.8,44.4,50.6
"male","english","middle","yes","public","academic",0.24,-0.35,1,"operative",30.5,35.9,36.9,33.6,40.6
"male","english","middle","no","public","vocation",-1.28,0.34,0.33,"prof1",31,35.9,46.1,39,45.6
"female","spanish","low","yes","public","vocation",0.22,-0.76,1,"service",31,41.1,49.2,33.6,35.6
"female","spanish","middle","yes","public","academic",1.12,-0.74,0.67,"service",31,41.1,36,36.9,45.6
"male","english","middle","no","public","vocation",-0.86,1.19,0.33,"operative",33.6,28.1,31.8,39.6,35.6
"female","english","low","yes","public","vocation",-0.23,0.44,0.33,"school",33.6,35.2,40.9,29.3,25.7
"female","english","low","no","public","general",0.04,-0.47,0.67,"clerical",33.6,59.3,44.7,47.1,45.6
"female","english","middle","no","private","academic",0.47,0.34,0.67,"prof2",33.6,43,41,49.8,35.6
"female","english","high","no","public","general",0.32,0.9,0.67,"prof2",33.6,51.5,41.9,49.8,50.6
"female","english","middle","no","public","vocation",-0.59,0.03,0.33,"school",33.6,54.1,41,41.7,50.6
"male","english","middle","no","public","general",-0.84,-0.57,0.33,"craftsman",33.6,33.3,41,36.3,35.6
"female","spanish","low","yes","public","vocation",0.29,0.88,0.67,"prof2",33.6,43.7,40.2,39,40.6
"male","english","middle","no","public","vocation",0.66,0.34,0.33,"craftsman",33.6,38.5,42.9,47.1,45.6
"female","english","low","no","public","vocation",-0.84,-0.18,0,"clerical",33.6,46.3,38.4,36.3,45.6
"female","english","high","no","public","academic",-0.6,0.28,1,"prof1",33.6,41.1,42.9,41.7,50.6
"male","english","high","no","public","vocation",-1.5,0.03,0.67,"prof1",33.6,48.9,38.6,42.3,55.6
"male","english","middle","yes","public","vocation",-0.38,0.56,1,"craftsman",33.6,36.5,45.7,39,30.6
"female","spanish","high","yes","public","vocation",0.47,-0.09,0.33,"prof1",33.6,33.9,38.8,39.6,30.6
"male","english","middle","no","public","general",-0.03,-0.16,0,"manager",33.6,43.7,42.6,47.1,35.6
"male","spanish","middle","yes","public","academic",-0.21,-1.38,0,"prof1",34.2,46.3,44.5,39,35.6
"female","english","low","no","public","vocation",-1.33,-0.6,0.33,"clerical",34.7,35.2,40.2,50.9,33.1
"female","spanish","low","yes","public","vocation",-0.22,0.32,0.33,"clerical",35.2,38.5,39.9,34.7,40.6
"female","english","low","yes","public","general",1.16,0.59,1,"prof2",36.3,45,44.3,39,40.6
"male","english","low","no","public","general",-0.6,0.56,0.33,"craftsman",36.3,43.7,44.3,47.1,30.6
"female","english","low","yes","public","general",-1.76,-0.93,0.67,"manager",36.3,38.5,36.4,36.3,50.6
"male","spanish","middle","yes","public","vocation",-0.59,1.19,0.67,"manager",36.3,36.5,35.1,33.6,35.6
"male","english","middle","no","public","academic",-1.33,0.03,1,"technical",36.3,28.1,53.7,33.6,25.7
"female","spanish","middle","yes","public","academic",-0.9,0.03,0.67,"homemaker",36.3,44.3,36.1,33.6,40.6
"female","english","middle","no","public","academic",-0.16,-0.47,0.67,"prof1",36.3,61.9,52.2,39,45.6
"male","english","low","yes","public","general",-0.68,0.32,0.67,"prof1",36.3,44.3,34.4,47.1,45.6
"female","mandarin","low","yes","public","vocation",-0.65,-1.17,0,"operative",36.3,30.7,45.9,36.3,40.6
"female","english","high","no","private","general",0.68,0.32,1,"service",36.3,56.7,41.9,49.8,40.6
"female","english","middle","no","public","vocation",-0.84,0.03,0,"prof1",36.3,59.3,47.7,39,55.6
"male","english","middle","yes","public","academic",0.46,0.94,0.33,"laborer",36.3,30.7,44.8,39.6,40.6
"male","spanish","low","yes","public","vocation",-1.55,0.03,0,"prof1",36.3,41.1,43.5,33.6,40.6
"male","english","middle","yes","public","academic",-1.14,-0.06,1,"manager",36.3,46.3,36.9,41.7,35.6
"male","english","low","no","public","vocation",-0.86,0.28,1,"farmer",36.3,48.9,54.4,60.7,35.6
"female","spanish","middle","yes","public","vocation",0.22,-0.28,0,"clerical",36.3,48.9,39.5,41.7,45.6
"female","english","middle","no","public","vocation",1.36,0.87,1,"homemaker",36.3,43.7,37.2,41.7,40.6
"male","english","middle","yes","public","vocation",-2.23,1.19,1,"operative",36.3,38.5,39.3,39,45.6
"female","english","low","no","public","vocation",0.3,0.03,0.67,"clerical",36.8,59.3,40.7,49.8,35.6
"male","english","low","no","public","vocation",-0.82,0.63,1,"protective",36.8,36.5,41.5,33.1,31.9
"male","spanish","middle","yes","public","vocation",-1.78,0.56,0.33,"operative",37.3,43.7,45.4,39,45.6
"female","english","low","yes","public","vocation",-1.33,-0.26,0.67,"service",38.4,37.2,33.4,30.9,36.9
"female","english","low","yes","public","vocation",0.1,1.19,1,"service",38.9,35.9,46.8,39,40.6
"female","english","middle","yes","public","vocation",0.57,-2.62,0,"proprietor",38.9,28.1,38.4,44.4,35.6
"female","english","middle","no","public","academic",0.2,-0.47,0.33,"proprietor",38.9,54.1,53.7,52.6,40.6
"male","english","middle","no","public","general",0.2,-0.47,0.33,"farmer",38.9,38.5,53,52.6,50.6
"female","english","low","no","public","general",-0.44,-0.47,0.33,"prof1",38.9,46.3,41.9,41.7,45.6
"male","english","middle","no","public","general",1.13,0.03,1,"manager",38.9,54.1,47.5,49.8,40.6
"male","english","middle","no","public","vocation",-1.33,0.03,0.33,"laborer",38.9,30.7,40.4,39,50.6
"male","english","low","no","public","vocation",-1.1,0.03,1,"operative",38.9,38.5,42.8,41.7,40.6
"female","spanish","low","yes","public","academic",-0.43,0.13,0.33,"military",38.9,44.3,51.6,43.9,48.1
"female","spanish","low","yes","public","vocation",-0.6,0.32,1,"clerical",38.9,56.7,41.2,33.6,55.6
"female","english","low","no","public","general",-1.1,-0.28,0.67,"homemaker",38.9,41.1,45.9,47.1,45.6
"male","spanish","middle","yes","public","vocation",0.21,0.94,0,"protective",38.9,48.9,41.8,58.5,45.6
"female","english","middle","no","public","vocation",0.06,-1.07,0,"prof1",38.9,48.9,45.2,44.4,50.6
"female","english","middle","no","public","vocation",0.31,0.63,1,"clerical",38.9,56.7,46.3,58,55.6
"female","english","middle","no","public","vocation",0.02,-2.03,0.67,"clerical",38.9,59.3,39.5,39,50.6
"female","spanish","middle","yes","public","vocation",0.06,0.03,0,"service",38.9,41.1,32.7,41.7,40.6
"male","english","middle","no","public","vocation",-0.45,-0.26,0,"craftsman",38.9,35.9,44.2,55.3,55.6
"female","mandarin","middle","yes","public","general",0.06,0.9,0.67,"prof1",38.9,52.8,54.4,49.8,40.6
"male","english","middle","yes","public","vocation",-0.6,-1.43,1,"prof2",38.9,51.5,38.6,39,35.6
"male","english","low","no","public","vocation",-0.38,0.03,1,"operative",38.9,41.7,37.7,44.4,45.6
"male","spanish","low","yes","public","general",-0.18,0.15,0,"service",38.9,28.1,36,36.3,35.6
"male","english","low","yes","public","vocation",0.93,-1.63,0.67,"operative",38.9,41.1,40.3,34.1,45.6
"female","english","low","yes","public","vocation",-0.54,-0.59,1,"homemaker",38.9,35.9,38.4,33.6,35.6
"female","english","high","no","public","vocation",-0.14,-0.86,0,"prof1",38.9,46.3,50.1,36.3,45.6
"female","english","low","no","public","general",0.27,-2.52,0.33,"operative",38.9,32,35.3,46.6,51.8
"male","english","middle","yes","public","vocation",-0.38,0.34,0.67,"military",38.9,28.1,35.3,39,40.6
"male","spanish","high","yes","public","vocation",-0.83,1.19,0.67,"prof1",38.9,38.5,44.4,26,41.9
"female","english","middle","no","public","vocation",-0.68,0.03,0.33,"not working",38.9,38.5,41.2,39,35.6
"male","english","high","no","public","academic",0.22,1.19,0.33,"sales",38.9,33.3,37.7,47.1,40.6
"female","spanish","low","yes","public","vocation",0.73,-1.42,0.33,"service",38.9,41.1,41,36.3,45.6
"male","english","middle","no","public","academic",-0.21,-1.13,0,"craftsman",38.9,41.1,43.6,55.3,45.6
"female","spanish","low","yes","public","general",-0.34,0.59,1,"military",38.9,33.9,35.1,44.4,40.6
"female","spanish","low","yes","public","general",0.52,-0.28,0.67,"prof1",38.9,41.7,33.7,30.9,50.6
"female","english","middle","yes","public","academic",0.51,-1.29,0.33,"clerical",39.4,41.7,46.9,35.2,50.6
"female","english","low","no","public","general",-1.99,0.03,0,"prof1",39.4,54.1,38.7,47.1,35.6
"female","english","low","yes","public","academic",0.1,0.32,0.67,"prof1",40,40.4,42.4,48.8,60.5
"female","english","low","yes","public","vocation",0.31,1.19,1,"clerical",40.5,46.9,40.4,39,50.6
"female","mandarin","high","yes","public","academic",-0.39,1.19,1,"prof1",40.5,59.3,41.9,33.6,50.6
"male","english","middle","no","public","vocation",-1.33,0.65,0,"craftsman",40.5,38.5,47.1,44.4,30.6
"male","english","middle","no","public","general",-1.33,0.03,0.67,"craftsman",41.6,30.7,56.9,47.1,50.6
"female","english","middle","no","private","academic",0.26,-0.57,1,"prof2",41.6,58.6,54.6,55.3,60.5
"female","english","low","no","public","general",-0.4,-0.89,0.33,"operative",41.6,56.7,45,50.4,43.1
"male","spanish","middle","yes","public","vocation",-0.21,0.03,1,"manager",41.6,43.7,51.1,49.8,40.6
"female","english","high","no","public","academic",0.06,0.03,1,"prof2",41.6,54.1,41.2,41.7,40.6
"female","english","high","no","public","academic",0.46,-0.55,0.33,"prof2",41.6,54.1,50.3,49.8,51.8
"female","english","middle","no","public","general",-0.65,0.03,0.33,"prof1",41.6,39.1,42.3,41.7,40.6
"female","english","middle","no","public","vocation",-1.81,-0.64,1,"service",41.6,54.1,46.9,47.1,45.6
"female","english","middle","no","public","vocation",-0.14,0.13,0.67,"prof1",41.6,56.7,51.3,47.1,60.5
"male","english","low","yes","public","general",0.45,-0.91,0.33,"craftsman",41.6,41.1,42.8,49.8,40.6
"male","spanish","middle","yes","public","academic",-0.83,0.13,1,"prof1",41.6,35.9,36.7,36.3,55.6
"female","english","low","no","public","general",-0.8,0.15,0.33,"service",41.6,41.1,39.5,47.1,60.5
"female","spanish","middle","yes","public","general",0.52,-0.59,0.67,"homemaker",41.6,59.3,38.6,36.3,50.6
"male","spanish","middle","yes","public","vocation",0.29,0.39,0.33,"military",41.6,33.3,37.6,28.2,45.6
"male","english","middle","no","public","vocation",-0.43,-1.22,0,"laborer",41.6,46.9,55.5,44.4,40.6
"male","spanish","low","yes","public","academic",-0.84,-1.09,0.33,"craftsman",41.6,41.7,45.1,36.3,40.6
"female","english","low","no","public","vocation",-0.19,-2.58,0,"clerical",41.6,54.1,41,41.7,40.6
"male","spanish","middle","yes","public","general",-1.33,0.03,1,"prof1",41.6,48.9,33.7,44.4,45.6
"female","english","low","yes","public","general",-0.04,-0.29,0.67,"prof2",41.6,38.5,40.2,33.6,45.6
"female","english","middle","no","public","vocation",-0.64,0.03,1,"homemaker",41.6,46.3,38.4,36.3,45.6
"female","english","middle","no","public","general",0.03,0.03,1,"proprietor",41.6,43,44.5,39,50.6
"female","english","high","yes","public","general",0.75,-0.26,0.67,"service",41.6,35.9,42,31.4,39.4
"female","english","middle","no","public","general",0.06,0.03,1,"not working",41.6,46.3,46.2,39,45.6
"male","english","low","no","public","general",-0.37,-0.47,0.67,"prof1",41.6,48.9,42.6,49.8,55.6
"female","english","high","no","private","academic",0.46,0.03,1,"prof1",41.6,64.5,47.1,53.1,60.5
"male","english","high","no","public","general",-0.84,0.34,0,"prof2",41.6,46.3,59.6,63.4,65.5
"female","spanish","high","yes","public","vocation",0.02,0.03,0.33,"homemaker",41.6,35.9,37.7,41.7,45.6
"male","mandarin","low","yes","public","general",0.45,0.03,0.67,"craftsman",41.6,25.5,44.3,36.3,35.6
"female","english","middle","no","public","general",-0.63,0.44,0.33,"homemaker",41.6,43.7,46.8,36.3,50.6
"male","spanish","middle","yes","public","vocation",-1.28,1.19,1,"prof1",41.6,41.1,45.9,44.4,40.6
"female","spanish","low","yes","public","general",0.71,0.03,0.67,"prof1",41.6,59.3,41.9,44.4,45.6
"male","english","high","no","public","general",0.75,-0.49,0.33,"technical",41.6,41.1,41.2,44.4,35.6
"female","english","high","no","public","general",-0.2,1.19,1,"service",41.6,46.9,41.7,47.1,60.5
"male","english","high","no","public","general",0.06,0.03,0.67,"proprietor",41.6,39.1,56.3,45,50.6
"male","english","middle","no","public","vocation",0.68,1.19,0.33,"school",41.6,41.1,57.2,71.5,30.6
"male","spanish","middle","yes","public","vocation",-0.44,0.03,0.33,"prof1",41.6,38.5,38.7,56.3,45.6
"female","spanish","middle","yes","public","general",-0.19,-1.67,0,"sales",42.1,39.8,42.2,38.5,40.6
"female","english","middle","no","public","vocation",0.43,-0.47,1,"clerical",42.6,50.8,44.6,39,55.6
"female","english","high","yes","public","general",0.75,-0.72,0.67,"school",42.6,46.3,41.2,28.2,45.6
"female","english","middle","no","public","vocation",0.66,-0.6,0,"service",42.6,56.7,40.3,49.8,50.6
"female","english","high","no","public","general",1.13,0.03,0.33,"prof1",43.2,54.1,54.8,55.3,45.6
"female","english","middle","no","public","vocation",0.06,0.03,1,"homemaker",43.2,47.6,45.6,47.1,45.6
"female","english","middle","no","public","general",-0.83,0.65,0.33,"homemaker",44.2,59.3,55.5,36.3,55.6
"male","english","low","no","public","vocation",-0.88,-0.29,0.33,"operative",44.2,54.1,41,49.8,45.6
"male","english","middle","no","public","academic",-1.13,-0.55,0.33,"protective",44.2,46.9,45.5,39,50.6
"female","spanish","low","yes","public","academic",0.68,0.25,1,"prof1",44.2,51.5,36.9,49.8,55.6
"female","spanish","middle","yes","public","general",-0.89,-0.18,0.67,"prof2",44.2,43.7,44.5,41.7,50.6
"female","english","low","no","public","general",-1.33,0.34,0,"homemaker",44.2,41.1,36.9,41.7,45.6
"male","english","middle","no","public","academic",-0.4,0.03,0,"prof2",44.2,33.3,47.8,44.4,45.6
"female","spanish","low","yes","public","academic",0.05,0.15,1,"proprietor",44.2,49.5,40.5,39,50.6
"female","english","low","no","public","vocation",-0.9,-2.54,0,"homemaker",44.2,43.7,40.2,39.6,30.6
"male","english","middle","no","public","vocation",-1.05,-0.34,0.67,"clerical",44.2,38.5,41.4,42.3,35.6
"male","english","low","no","public","vocation",-0.91,-0.59,0.67,"operative",44.2,39.1,46.3,36.3,40.6
"male","spanish","low","yes","public","general",0.06,-0.59,0,"operative",44.2,41.1,59.8,44.4,35.6
"male","english","middle","no","public","general",-0.11,0.25,1,"prof1",44.2,44.3,45.6,39,50.6
"female","english","low","no","public","vocation",-0.18,0.28,0.33,"homemaker",44.2,51.5,46.1,47.1,50.6
"male","english","high","no","public","general",-0.16,0.03,0.33,"proprietor",44.2,59.3,49.5,55.3,45.6
"male","english","high","no","public","vocation",-0.18,0.03,0.67,"craftsman",44.2,48.9,56.3,41.7,60.5
"female","english","middle","no","private","academic",-0.84,-2.6,0.33,"service",44.2,64.5,53,55.3,60.5
"male","english","low","no","public","general",-0.36,-1.67,1,"farmer",44.2,43.7,56.4,58,60.5
"female","english","middle","no","private","academic",0.47,0.34,0.67,"technical",44.2,48.9,48,39,50.6
"male","english","low","no","public","general",0.28,-0.06,0.33,"craftsman",44.2,30.7,35.3,47.1,45.6
"female","english","low","no","public","general",-0.61,0.03,0.33,"proprietor",44.2,54.1,40.3,52.6,40.6
"male","english","middle","no","public","vocation",-0.44,-0.22,0,"craftsman",44.2,33.3,40.9,47.1,45.6
"female","english","middle","no","private","vocation",0.46,0.56,0.67,"prof1",44.2,54.1,52.2,44.4,45.6
"male","english","high","no","private","academic",0.71,-0.06,0.67,"prof1",44.2,37.8,49.2,39,45.6
"female","english","low","yes","public","vocation",-1.34,1.19,1,"prof1",44.2,41.1,44.2,44.4,40.6
"female","english","low","no","public","vocation",-0.61,0.36,0,"homemaker",44.2,48.9,46.1,47.1,55.6
"female","english","low","yes","public","general",-0.89,-1.23,1,"prof2",44.2,48.9,43.8,35.2,50.6
"male","english","middle","no","public","general",0.91,-0.47,0.67,"operative",44.2,41.1,50.5,58,40.6
"female","mandarin","middle","yes","public","vocation",0.06,0.28,1,"clerical",44.2,54.1,47.1,58,50.6
"male","english","middle","no","private","academic",-1.09,-0.26,0.33,"proprietor",44.2,41.1,45.1,47.1,45.6
"female","english","low","no","public","general",-0.38,0.37,0.67,"homemaker",44.2,43.7,46.1,47.1,50.6
"male","english","middle","no","public","vocation",-1.3,0.13,0.33,"proprietor",44.2,41.1,51.8,47.1,40.6
"female","english","low","no","public","academic",-0.4,0.03,1,"service",44.2,54.1,59.3,58,50.6
"male","english","high","no","public","general",0.06,0.03,0,"prof2",44.2,33.3,53.9,58,30.6
"male","english","low","no","public","general",-0.4,0.65,0.67,"laborer",44.2,43.7,38.6,33.6,45.6
"female","english","low","no","private","academic",-0.14,-0.6,0.33,"service",44.2,48.9,54.3,49.8,45.6
"male","english","middle","no","public","vocation",-2.23,1.19,0.33,"laborer",44.2,38.5,41.2,49.8,45.6
"female","english","middle","no","private","general",0.68,0.03,0,"prof2",44.2,35.9,43.6,47.1,40.6
"female","english","middle","no","public","general",-1.15,-0.47,0.67,"homemaker",44.2,56.7,52.2,44.4,55.6
"male","english","high","no","public","general",0.06,0.03,1,"prof1",44.2,54.1,51.4,39,45.6
"male","english","middle","no","public","vocation",-0.89,0.56,0.33,"craftsman",44.2,41.1,40.3,49.8,25.7
"male","english","low","no","public","academic",1.11,-0.09,0,"prof1",44.2,48.9,48,49.8,55.6
"male","english","high","no","private","academic",0.02,0.28,0.67,"prof1",44.2,51.5,52.9,52.6,45.6
"female","english","high","no","private","academic",0.68,0.03,1,"manager",44.2,48.9,46.2,47.7,45.6
"male","spanish","middle","yes","public","general",-0.04,0.65,1,"technical",44.2,44.3,61.1,49.8,45.6
"male","english","middle","no","public","academic",-0.39,-0.28,0.67,"prof1",44.2,51.5,51.1,63.4,60.5
"male","spanish","middle","yes","public","vocation",0.3,0.56,1,"technical",44.2,33.3,37.7,30.9,41.9
"female","english","middle","no","private","academic",0.96,0.03,0.67,"proprietor",44.2,51.5,43.2,44.4,50.6
"male","spanish","middle","yes","private","general",-0.67,-0.47,0,"operative",44.2,48.9,43.1,55.3,45.6
"female","english","low","no","private","academic",-0.17,0.03,0.67,"service",44.2,59.3,45.7,55.3,50.6
"female","english","middle","no","public","general",0.46,0.03,0.33,"sales",44.7,38.5,45.9,44.4,35.6
"male","english","low","yes","public","academic",0.03,0.32,1,"manager",44.7,56.7,50.3,30.9,55.6
"male","english","low","no","public","academic",-0.27,0.94,0,"not working",44.7,54.1,50.4,45,50.6
"female","english","low","no","private","academic",-0.19,-1.73,1,"clerical",44.7,47.6,50.3,39,50.6
"male","english","high","yes","public","vocation",-0.66,-0.08,1,"protective",44.7,33.3,33.7,39,35.6
"female","english","low","no","public","general",-1.02,-1.67,0.67,"laborer",45.3,43,52.3,60.7,56.8
"female","english","low","yes","public","academic",0.06,0.94,0.67,"prof1",45.3,54.7,44.3,33.6,40.6
"female","english","low","no","private","vocation",-0.38,0.03,1,"prof1",45.3,38.5,43.5,40.1,45.6
"female","english","middle","yes","public","vocation",0.22,-0.76,0.67,"technical",45.8,52.1,54.9,44.4,55.6
"male","english","low","no","public","general",1.13,0.03,0.33,"laborer",45.8,41.7,43.1,53.6,36.9
"female","english","low","no","public","general",-0.24,0.03,0.67,"prof1",45.8,54.1,49.5,47.1,55.6
"male","english","low","no","public","vocation",-1.74,0.61,0.33,"not working",45.8,34.6,37.9,39,45.6
"male","english","low","no","public","academic",0,0.65,0.67,"military",46.9,33.3,50.4,47.1,55.6
"female","english","low","no","public","vocation",0.96,0.94,0.67,"prof1",46.9,50.2,46.5,47.1,51.8
"male","english","middle","no","private","vocation",0,0.34,0.33,"craftsman",46.9,56.7,57.2,58,45.6
"male","mandarin","middle","yes","public","vocation",0.89,0.32,0.67,"prof2",46.9,44.3,48.7,53.1,55.6
"male","english","middle","no","private","academic",0.71,0.03,0.33,"proprietor",46.9,46.9,41,41.7,50.6
"female","english","low","no","private","general",-0.23,0.69,0.67,"service",46.9,61.9,48,39,50.6
"male","spanish","low","yes","public","vocation",-0.22,-1.34,0.67,"technical",46.9,31.3,43.6,36.3,35.6
"female","english","high","no","private","academic",0.06,0.03,0.67,"school",46.9,60.6,51.3,63.4,30.6
"female","spanish","middle","yes","public","academic",-1.06,0.03,0.67,"manager",46.9,56.7,48,44.4,40.6
"female","english","middle","no","public","vocation",0.02,-0.32,1,"homemaker",46.9,46.3,52,47.7,45.6
"male","english","middle","no","public","academic",0.06,0.03,0,"proprietor",46.9,51.5,57.2,52.6,60.5
"female","english","high","no","private","academic",1.16,0.09,1,"prof1",46.9,52.1,42.5,47.7,60.5
"female","english","low","no","public","general",1.36,0.65,1,"service",46.9,51.5,57,49.8,40.6
"male","english","high","no","public","vocation",0.46,0.63,0.67,"craftsman",46.9,52.8,49.3,53.1,35.6
"female","mandarin","middle","yes","public","general",-1.09,0.03,0.33,"craftsman",46.9,43.7,41.9,41.7,35.6
"female","english","low","no","public","academic",0.68,0.88,1,"prof1",46.9,61.9,53,52.6,60.5
"male","spanish","middle","yes","public","academic",0.06,0.56,0.33,"prof1",46.9,41.1,45.3,47.1,55.6
"male","english","low","no","public","vocation",-0.44,-0.55,0.33,"homemaker",46.9,38.5,47.1,41.7,25.7
"female","english","low","yes","private","general",0.7,0.87,1,"clerical",46.9,54.1,46.4,49.8,55.6
"female","english","middle","no","private","vocation",-0.59,0.28,1,"school",46.9,51.5,48.5,49.8,50.6
"male","spanish","high","yes","public","academic",0.21,-0.28,0.67,"protective",46.9,41.1,53.6,41.7,55.6
"male","mandarin","low","yes","public","general",0.71,0.03,1,"prof2",46.9,61.9,46.2,60.7,45.6
"male","english","high","no","public","academic",-0.41,0.28,0.33,"technical",46.9,35.9,42.6,58,55.6
"male","spanish","low","yes","public","academic",-1.1,0.03,0,"military",46.9,40.4,42.8,45,30.6
"female","spanish","middle","yes","public","vocation",-1.05,-1.65,0,"prof1",46.9,46.3,38.6,47.1,60.5
"male","english","low","no","public","vocation",0.46,-1.17,0.33,"laborer",46.9,30.7,40.3,58,35.6
"female","english","middle","no","private","academic",0.52,0.34,1,"prof2",46.9,64.5,59.6,49.8,55.6
"male","english","middle","no","private","academic",0.06,0.03,0.67,"technical",46.9,56.7,56.1,60.7,55.6
"male","english","high","no","public","general",0.93,0.34,1,"prof2",46.9,54.1,54.6,55.3,50.6
"female","spanish","middle","yes","public","general",-0.6,-0.47,0.67,"prof1",46.9,54.1,49,52.6,60.5
"male","spanish","middle","yes","public","general",-0.44,-0.84,0.33,"craftsman",46.9,46.3,45.9,37.9,45.6
"female","english","middle","no","private","academic",0.52,0.03,1,"school",46.9,51.5,53.7,41.7,40.6
"female","english","middle","no","private","academic",0.91,-0.47,1,"prof1",46.9,64.5,55.8,61.8,60.5
"female","spanish","low","yes","public","academic",0.06,0.03,1,"prof2",46.9,41.1,46.2,39.6,40.6
"female","english","middle","no","public","academic",0.55,-0.24,0.67,"sales",46.9,56.7,54.6,47.1,55.6
"female","english","low","yes","public","academic",0.44,0.65,1,"operative",46.9,46.3,48.5,32.5,40.6
"male","english","high","no","public","academic",0.68,-0.47,0.33,"military",46.9,61.9,60.5,68.8,65.5
"male","english","middle","no","private","academic",0.71,0.03,0.33,"laborer",46.9,59.3,63,52.6,45.6
"female","spanish","middle","yes","public","academic",0.31,1.19,1,"prof1",46.9,44.3,41.9,39,50.6
"male","english","high","no","public","academic",0.49,1.19,1,"prof2",46.9,51.5,50.6,49.8,55.6
"female","english","low","yes","public","academic",-0.49,0.03,0,"operative",46.9,37.2,42.8,41.7,45.6
"female","english","middle","no","private","academic",0,0.34,0.33,"prof1",46.9,59.3,53.7,58,45.6
"female","english","middle","no","public","general",0.27,0.03,0.67,"clerical",46.9,56.7,63.8,55.3,55.6
"male","spanish","low","yes","public","general",-0.42,0.03,0.33,"craftsman",46.9,35.9,41.9,36.3,45.6
"female","english","high","no","public","general",1.36,0.03,0.67,"school",46.9,59.3,56.3,66.1,60.5
"female","english","middle","no","public","general",-0.69,-1.13,0.67,"clerical",46.9,54.1,45.4,44.4,45.6
"female","english","low","yes","public","vocation",-0.6,0.9,0.67,"clerical",46.9,61.9,45.4,33.6,45.6
"female","english","middle","no","public","academic",0.06,0.65,0.33,"proprietor",47.4,64.5,53.9,55.8,50.6
"female","english","middle","no","public","vocation",0.75,0.34,1,"prof1",47.4,41.7,51.6,38.5,50.6
"female","mandarin","low","yes","public","vocation",-0.93,0.65,1,"laborer",47.4,45.6,49.4,42.3,45.6
"male","english","high","no","private","academic",0.68,-0.53,1,"proprietor",48.4,48.2,60.5,60.1,49.3
"male","spanish","middle","yes","public","vocation",0.26,0.03,0.33,"proprietor",48.4,48.9,52.2,43.9,50.6
"female","english","high","no","public","vocation",-0.41,0.03,0.67,"service",49.5,51.5,45.1,58,35.6
"female","english","middle","no","public","vocation",-0.64,-0.51,0.67,"homemaker",49.5,56.7,47.7,44.4,60.5
"male","english","middle","no","private","vocation",0.23,0.15,0.33,"craftsman",49.5,51.5,48,52.6,50.6
"female","spanish","low","yes","public","academic",0.25,0.34,1,"prof1",49.5,61.9,42.9,41.7,50.6
"female","english","low","no","public","academic",0.48,0.32,1,"school",49.5,54.1,38.7,49.8,50.6
"male","english","high","no","private","academic",-0.6,0.34,0,"craftsman",49.5,41.7,50.3,36.3,60.5
"male","english","middle","no","public","general",0.26,0.03,1,"craftsman",49.5,35.9,47.8,52.6,35.6
"male","english","low","no","public","vocation",0.08,0.94,0.33,"craftsman",49.5,52.8,50.6,48.8,66.8
"male","english","middle","no","private","academic",0.06,0.56,1,"prof2",49.5,56.7,46.2,55.3,50.6
"female","english","middle","no","private","academic",-0.66,-1.07,0.67,"clerical",49.5,61.9,60.4,47.1,50.6
"female","english","middle","no","public","vocation",0.1,0.03,0.33,"manager",49.5,56.7,48,47.1,60.5
"male","english","low","no","public","general",0.25,0.65,0,"farmer",49.5,48.9,50.4,63.4,55.6
"male","spanish","middle","yes","public","general",0.46,0.03,0,"proprietor",49.5,46.3,46.2,41.7,35.6
"male","english","high","no","public","academic",0.06,0.32,0.67,"protective",49.5,43.7,55.5,68.8,65.5
"female","english","middle","no","public","academic",0.3,-0.6,1,"prof1",49.5,59.3,53.1,60.7,60.5
"female","english","low","no","public","vocation",0.26,-0.26,0,"manager",49.5,56.7,43.8,47.1,40.6
"female","english","low","no","public","general",0.26,0.87,1,"farmer",49.5,61.9,61.4,63.4,50.6
"male","english","middle","no","public","vocation",0.25,-0.26,0.33,"craftsman",49.5,30.7,40.3,33.6,30.6
"female","english","middle","no","private","vocation",1.13,0.88,0.33,"clerical",49.5,51.5,52.7,55.3,55.6
"female","mandarin","high","yes","public","vocation",-0.35,-0.89,0,"clerical",49.5,67.1,66.4,66.1,55.6
"female","english","low","no","public","vocation",-1.15,-1.38,1,"not working",49.5,56.7,46.1,53.6,40.6
"male","english","middle","yes","public","academic",0.49,0.94,1,"prof1",49.5,39.8,44.5,55.3,55.6
"male","spanish","middle","yes","public","vocation",-1.58,0.56,0.67,"craftsman",49.5,33.3,48.7,44.4,35.6
"female","english","high","no","private","academic",0.68,0.06,0.67,"clerical",49.5,51.5,41.2,41.7,45.6
"male","english","low","no","public","academic",0.7,-0.16,1,"prof2",49.5,61.9,50.9,46.1,66.8
"female","english","middle","no","public","vocation",-0.6,-0.26,0.67,"homemaker",49.5,41.1,38.4,52.6,35.6
"male","english","middle","no","public","academic",0.46,0.65,1,"technical",49.5,48.9,60.5,55.3,55.6
"female","english","middle","no","public","general",-0.16,-0.45,0.67,"homemaker",49.5,54.1,61.9,52.6,50.6
"female","mandarin","high","yes","public","vocation",0.06,-0.29,0.67,"clerical",49.5,56.7,68.1,49.8,55.6
"male","english","high","no","private","academic",0.1,-0.16,0.33,"prof1",49.5,59.3,51,47.1,45.6
"male","english","middle","no","private","academic",-0.14,0.34,0.33,"prof1",49.5,46.3,44.8,58,60.5
"female","english","middle","no","public","general",0.23,0.44,1,"craftsman",49.5,51.5,45.5,49.8,55.6
"female","english","high","no","public","general",0.25,0.03,0.67,"homemaker",49.5,51.5,55.5,44.4,55.6
"male","english","high","yes","public","vocation",0.69,0.03,0.67,"prof1",49.5,39.8,38.6,49.3,46.8
"male","english","middle","yes","public","general",-0.44,-0.31,0.67,"prof1",49.5,59.3,42.1,52.6,60.5
"female","english","middle","no","public","academic",0,-0.42,0.67,"proprietor",49.5,51.5,52.9,39,55.6
"female","english","high","no","public","academic",0.46,0.32,0.67,"technical",49.5,54.1,47.8,60.7,50.6
"female","english","middle","no","public","vocation",0.46,-0.47,0,"prof1",49.5,61.9,41.4,55.3,30.6
"female","english","middle","yes","public","academic",0.27,0.34,1,"military",49.5,48.9,48,41.7,60.5
"female","english","low","yes","public","academic",0.45,0.03,1,"clerical",49.5,46.3,52.9,52.6,65.5
"male","english","middle","no","public","academic",0.22,0.32,1,"school",49.5,56.7,62.8,49.8,70.5
"female","english","high","no","public","vocation",0.29,0.03,1,"homemaker",49.5,48.9,56.2,47.1,45.6
"female","english","high","yes","private","academic",-0.4,-1.8,0.33,"clerical",50,45,42.9,41.7,45.6
"female","english","middle","no","public","academic",0.46,-0.47,0.67,"prof2",50,41.1,45.1,44.4,55.6
"female","mandarin","middle","yes","public","academic",0.3,-1.09,0,"prof1",51.1,56.7,55.3,47.7,56.8
"female","english","low","no","public","general",0.06,0.59,1,"clerical",52.1,51.5,45.4,39,50.6
"female","english","high","no","public","general",0.23,-0.26,0,"prof1",52.1,61.9,56.3,58,55.6
"female","english","middle","no","public","academic",0.23,0.03,1,"prof1",52.1,59.3,52.9,60.7,50.6
"male","spanish","high","yes","public","academic",-0.03,0.63,0.67,"prof1",52.1,54.1,48.2,55.3,60.5
"female","english","middle","no","public","academic",0.66,0.03,1,"clerical",52.1,56.7,41.9,52.6,60.5
"male","english","high","no","private","academic",0,0.03,0.33,"prof2",52.1,59.3,50.4,60.7,60.5
"male","english","middle","no","public","academic",0.71,0.34,0.67,"prof1",52.1,41.1,51.3,60.7,65.5
"male","english","middle","no","public","academic",0.28,0.32,1,"prof2",52.1,54.1,56.5,55.3,50.6
"male","english","high","no","private","academic",0.46,0.34,1,"technical",52.1,46.3,50.4,52.6,50.6
"male","english","middle","no","private","general",-0.4,0.65,0,"prof2",52.1,46.3,51.3,58,55.6
"male","english","middle","no","public","academic",0.44,0.65,1,"farmer",52.1,54.1,54.6,41.7,55.6
"female","english","middle","yes","private","academic",0.66,0,1,"prof2",52.1,48.9,48.5,44.4,60.5
"male","english","middle","no","public","vocation",-0.41,0.34,0.67,"technical",52.1,38.5,57.9,52.6,50.6
"male","mandarin","high","yes","public","academic",0.91,0.34,1,"prof2",52.1,54.1,58.1,55.8,50.6
"female","spanish","middle","yes","public","academic",0.69,0.34,1,"prof1",52.1,56.7,53.4,60.7,45.6
"male","mandarin","middle","yes","public","academic",0.06,0.94,1,"military",52.1,51.5,57.9,60.7,35.6
"male","english","middle","no","public","vocation",-0.4,-0.76,0.67,"military",52.1,35.9,50.3,47.1,50.6
"female","mandarin","high","yes","public","academic",0.32,-1.17,0.33,"prof1",52.1,54.1,58.1,47.1,60.5
"female","spanish","high","yes","public","general",0.46,0.59,1,"technical",52.1,62.5,53.6,56.3,65.5
"female","english","middle","no","public","academic",-0.16,-2.58,1,"prof2",52.1,59.3,58.1,52.6,65.5
"female","english","middle","no","public","academic",0.1,1.19,1,"prof1",52.1,56.7,62.3,66.1,70.5
"male","english","high","no","public","academic",-0.45,-0.6,0.67,"prof2",52.1,59.9,49.5,48.8,60.5
"male","english","middle","no","public","academic",1.36,-0.8,0.67,"sales",52.1,59.3,59.6,59.1,40.6
"male","english","middle","no","public","vocation",-1.57,0.65,0.33,"manager",52.1,56.7,45.2,55.3,50.6
"male","english","middle","no","public","general",0.09,-1.42,0.33,"proprietor",52.1,61.9,59.6,58,55.6
"female","english","middle","no","public","academic",0.67,0.03,0.67,"prof1",52.1,56.7,51.1,55.3,55.6
"male","english","low","no","public","academic",0.46,-0.18,1,"prof2",52.1,46.3,48.3,58,60.5
"male","english","high","no","public","academic",0.01,0.32,0,"technical",52.1,41.1,50.6,52.6,55.6
"female","english","high","no","public","general",0.33,-0.26,1,"homemaker",52.1,67.1,57,63.4,60.5
"male","english","high","no","public","academic",-0.43,0.03,1,"prof1",52.1,44.3,53.1,58,45.6
"female","english","low","no","public","academic",-0.47,-0.47,0,"clerical",52.1,57.3,63.7,58,55.6
"female","english","low","no","public","general",0.68,-0.6,0.33,"school",52.1,64.5,59.7,55.8,50.6
"female","english","high","no","public","academic",0.48,-0.47,0.33,"prof1",52.1,61.9,55.5,60.7,60.5
"male","mandarin","middle","yes","public","academic",0.52,0.34,1,"prof1",52.1,54.1,51.4,49.8,50.6
"female","english","middle","no","public","academic",0.32,0.9,0.67,"clerical",52.1,59.3,58.1,47.1,45.6
"male","english","middle","no","private","academic",0,0.65,1,"military",52.1,61.9,62.1,58,60.5
"female","english","high","no","public","academic",1.36,0.94,1,"homemaker",52.1,48.9,51.3,41.7,45.6
"male","mandarin","middle","yes","public","academic",0.06,0.44,0.67,"prof1",52.1,61.9,66.3,47.1,45.6
"male","english","middle","no","public","general",0.33,0.28,0.67,"prof1",52.1,46.3,48.1,55.3,40.6
"male","mandarin","low","yes","public","general",-0.38,0.03,0,"craftsman",52.1,43.7,49.4,55.3,40.6
"female","english","high","no","public","academic",0.89,0.88,1,"prof1",52.1,59.3,64,61.2,55.6
"female","english","middle","no","public","general",0.45,0.56,1,"laborer",52.1,43.7,41.9,47.1,45.6
"male","english","high","no","public","academic",-0.27,0.88,1,"sales",52.1,64.5,60.6,60.7,45.6
"female","english","middle","no","public","academic",-0.4,-0.22,0.67,"prof1",52.1,38.5,36.1,44.4,45.6
"male","english","middle","no","private","general",-0.93,-0.8,0.33,"prof1",52.1,51.5,49.5,55.3,45.6
"male","spanish","middle","yes","public","academic",0.03,0.28,0.33,"operative",52.1,54.1,52,55.3,50.6
"male","english","middle","yes","public","academic",0.26,1.19,1,"prof1",52.1,52.8,37.6,52.6,50.6
"female","english","middle","no","public","academic",0.08,-0.24,0.33,"prof2",52.1,59.3,48,55.3,60.5
"female","english","middle","no","public","vocation",0.22,0.03,0.33,"clerical",52.1,54.7,49.5,53.6,60.5
"female","english","middle","no","public","general",-0.4,-0.26,0.33,"service",52.1,54.1,55.3,52.6,50.6
"female","english","middle","yes","public","general",0.46,0.03,1,"school",52.1,56.7,62.8,47.1,60.5
"female","english","low","no","public","general",0.46,0.03,0.67,"technical",52.1,56.7,53,47.1,50.6
"male","english","middle","no","private","vocation",-0.66,-0.47,1,"prof1",52.7,41.1,40.2,58,60.5
"female","english","middle","no","public","general",0.71,-0.05,0.67,"clerical",52.7,47.6,52.2,45,50.6
"male","mandarin","middle","yes","public","academic",0.46,-0.3,1,"prof2",53.2,60.6,61.2,56.9,55.6
"male","english","high","yes","public","academic",-0.03,0.87,1,"military",53.2,46.3,43,41.7,50.6
"male","english","middle","yes","public","academic",0.49,0.44,0.67,"prof2",53.7,43.7,51.1,52,43.1
"male","english","high","no","public","academic",0.52,0.65,0.33,"craftsman",54.3,62.5,56.6,54.7,45.6
"female","english","middle","no","public","general",0.32,0.65,1,"prof1",54.8,61.9,58.1,58,60.5
"male","english","middle","no","public","vocation",-0.4,0.88,0.33,"farmer",54.8,45,45.9,58,50.6
"female","english","middle","no","private","academic",0.5,-0.22,1,"prof1",54.8,61.9,61.3,60.7,50.6
"female","english","middle","no","public","academic",0.67,-0.59,0.67,"prof1",54.8,64.5,55.3,49.8,60.5
"male","english","high","no","public","academic",0.2,-2.54,0,"technical",54.8,61.9,63.6,63.4,65.5
"male","english","middle","no","public","vocation",-1.3,0.03,1,"military",54.8,41.1,40.2,44.4,40.6
"female","english","high","yes","public","vocation",0.26,0.94,0,"not working",54.8,38.5,46.8,36.3,45.6
"male","spanish","high","yes","public","vocation",0.46,0.03,0.67,"prof1",54.8,54.7,56.9,58,40.6
"female","english","middle","no","public","general",0.55,-0.6,1,"clerical",54.8,54.1,51.3,41.7,45.6
"female","english","low","no","public","general",-0.19,-0.85,0,"service",54.8,60.6,55.5,58,45.6
"male","english","low","no","public","general",0.71,1.19,0.33,"farmer",54.8,59.3,62.5,68.8,45.6
"male","english","low","no","public","general",0.3,-0.59,1,"technical",54.8,46.3,45.5,58,60.5
"male","english","middle","no","public","vocation",0.28,0.03,1,"prof1",54.8,59.3,49.5,63.4,56.8
"female","mandarin","middle","yes","private","general",-0.4,-0.47,1,"prof2",54.8,59.3,51.8,41.7,55.6
"female","english","high","no","public","academic",0.66,0.34,0.67,"prof1",54.8,56.7,61.9,63.4,55.6
"male","english","high","yes","public","vocation",-0.42,-0.6,1,"school",54.8,56.7,64.7,58,60.5
"male","english","high","no","public","academic",0.71,0.03,1,"prof2",54.8,61.2,53.7,48.8,60.5
"female","english","low","no","public","general",-0.84,-0.24,1,"homemaker",54.8,64.5,44.5,52.6,50.6
"female","english","middle","no","public","general",0.06,0.03,1,"prof1",54.8,59.3,46.2,47.1,65.5
"female","english","middle","yes","private","academic",0.48,0.63,1,"prof2",54.8,48.2,58.7,51.5,45.6
"male","english","high","no","public","academic",0.31,0.03,1,"prof2",54.8,48.9,61.2,60.7,55.6
"female","english","middle","no","public","academic",0.66,-0.47,0.67,"prof1",54.8,59.3,50.6,60.7,50.6
"female","english","middle","no","public","academic",0.53,0.81,0.67,"prof1",54.8,59.3,61.4,47.1,55.6
"female","english","high","no","public","general",0.91,0.65,0.33,"proprietor",54.8,48.9,41.9,52.6,55.6
"male","english","high","no","public","academic",0.49,0.94,1,"technical",54.8,56.7,63.8,60.7,65.5
"female","english","high","no","public","academic",0.06,0.03,0.67,"prof2",54.8,54.1,47.1,49.8,50.6
"female","english","middle","no","public","academic",-0.44,-1.13,1,"prof1",54.8,61.9,69.6,60.7,55.6
"male","english","middle","no","public","general",0,0.65,1,"manager",54.8,64.5,51.1,49.8,55.6
"female","mandarin","high","yes","public","academic",0.28,0.94,1,"prof2",54.8,56,43.5,49.8,50.6
"female","english","middle","no","public","general",-0.14,0.56,1,"homemaker",54.8,61.9,54.6,47.1,45.6
"male","english","middle","no","private","academic",0.71,1.19,0.67,"craftsman",54.8,48.9,52.4,58,60.5
"male","english","middle","yes","public","academic",-0.37,-1.9,0.67,"manager",54.8,36.5,37.7,49.8,60.5
"female","english","middle","no","public","academic",-0.4,0.03,0,"clerical",54.8,49.5,55.3,47.1,51.8
"male","english","middle","no","public","general",0.06,0.03,1,"craftsman",54.8,41.1,42.8,47.1,40.6
"male","english","low","no","public","academic",0.68,0.87,1,"prof2",54.8,56.7,56.9,58,70.5
"male","english","high","no","public","vocation",0.43,-0.05,0.67,"protective",54.8,45.6,51.8,60.7,45.6
"female","english","middle","no","public","academic",0.51,0.03,1,"school",54.8,54.1,66.4,41.7,55.6
"male","english","high","no","private","academic",0.1,0.56,0.67,"prof1",54.8,61.9,60.4,55.3,65.5
"male","english","middle","no","public","vocation",-0.19,0.03,0.33,"craftsman",54.8,51.5,42.8,60.7,50.6
"female","english","middle","no","public","general",0.08,0.03,1,"sales",54.8,67.1,47.4,49.8,65.5
"male","english","middle","no","public","general",-0.14,-0.24,0.67,"prof1",54.8,38.5,57,52.6,45.6
"female","english","middle","no","public","academic",-0.6,-1.18,0.67,"clerical",54.8,59.3,68,49.3,65.5
"female","english","high","no","public","general",-0.44,-0.47,1,"prof1",54.8,65.1,66.1,49.8,60.5
"male","english","middle","no","public","academic",0.46,0.03,0.67,"operative",54.8,64.5,58.6,55.3,60.5
"female","english","high","no","public","academic",0.91,0.15,0,"prof1",54.8,56.7,55.5,58,60.5
"male","english","middle","no","private","academic",0.55,0.63,1,"technical",54.8,59.3,62.3,58,50.6
"female","english","middle","no","public","academic",0,-0.82,0.67,"prof2",54.8,67.1,63.8,49.8,50.6
"male","english","low","yes","public","academic",1.16,1.19,0.33,"prof1",55.3,46.9,49.1,54.2,51.8
"female","english","middle","no","public","general",1.11,0.9,0.33,"homemaker",55.3,50.2,41.7,58.5,55.6
"female","english","middle","no","public","academic",0.44,0.03,1,"prof1",55.3,51.5,48,58,65.5
"female","english","high","no","private","academic",1.14,0.63,1,"service",55.3,53.4,44.5,53.6,48.1
"female","english","low","yes","public","academic",0.28,1.19,1,"clerical",56.4,59.3,38.5,55.3,56.8
"male","english","low","no","private","academic",0.2,-0.47,0.67,"craftsman",56.4,49.5,51.9,47.1,48.1
"female","english","middle","no","public","academic",0.66,0.34,1,"homemaker",56.9,49.5,49.5,50.9,58.1
"female","mandarin","low","yes","public","academic",1.16,-0.72,0.67,"prof2",56.9,64.5,72.2,54.2,55.6
"female","english","middle","no","public","academic",-0.16,0.03,1,"operative",57.4,57.3,64,58,65.5
"female","english","middle","no","public","general",0.71,-0.29,0.67,"prof1",57.4,61.9,55.5,58,65.5
"male","english","high","no","private","academic",0.32,-0.88,0.33,"prof1",57.4,54.1,42.2,44.4,55.6
"female","english","high","no","public","academic",0.91,-0.47,0.67,"prof2",57.4,59.3,57.2,59.1,65.5
"female","english","high","no","public","academic",1.36,0.94,1,"prof2",57.4,64.5,49.9,55.3,55.6
"female","english","middle","no","public","vocation",-0.22,-2.27,0,"clerical",57.4,51.5,40.3,60.7,55.6
"female","english","middle","no","private","academic",-0.4,-1.34,1,"operative",57.4,61.9,55.5,49.8,55.6
"female","spanish","high","yes","private","academic",0.45,0.65,1,"prof1",57.4,56.7,46.9,52.6,55.6
"female","english","high","no","private","academic",0.91,0.03,1,"prof1",57.4,59.3,55.5,55.3,50.6
"male","english","middle","no","public","general",0.26,0.03,1,"craftsman",57.4,51.5,55.3,60.7,60.5
"male","spanish","middle","yes","public","academic",0.06,0.03,1,"manager",57.4,54.1,58.9,47.1,50.6
"female","english","middle","no","private","general",0.27,0.03,0.67,"homemaker",57.4,41.1,57,55.3,51.8
"female","english","middle","no","public","academic",0.46,-0.28,1,"prof1",57.4,56.7,56.4,63.4,60.5
"female","english","middle","no","public","vocation",0.46,0.03,1,"clerical",57.4,67.1,47.7,55.8,50.6
"male","english","middle","no","public","academic",0.06,-0.29,0.67,"farmer",57.4,64.5,51.1,63.4,60.5
"female","english","middle","no","private","academic",0.87,0.87,0.67,"prof2",57.4,61.9,62.8,55.3,40.6
"male","english","high","no","public","academic",0.68,0.34,1,"technical",57.4,56.7,62.8,58,50.6
"female","english","low","no","public","vocation",-1.09,-0.9,0.67,"prof1",57.4,59.9,50.5,52.6,36.9
"female","english","high","no","private","academic",0.91,-1.67,0.33,"prof1",57.4,54.1,54.8,60.7,60.5
"male","english","middle","yes","public","academic",1.13,0.87,1,"prof2",57.4,54.7,51.7,49.8,50.6
"male","mandarin","middle","yes","public","general",-1.28,-1.05,0.33,"prof1",57.4,43.7,57.8,60.7,45.6
"male","english","high","no","private","academic",0.22,1.19,1,"proprietor",57.4,54.1,48.8,55.3,40.6
"female","english","high","no","public","academic",0.96,0.87,1,"prof1",57.4,64.5,48,47.1,50.6
"female","english","middle","no","private","academic",0.23,0.94,1,"prof2",57.4,67.1,57.9,60.7,55.6
"male","english","middle","no","private","general",-1.33,0.03,0.67,"technical",57.4,56.7,59.8,58,55.6
"male","english","low","no","public","general",0.05,-0.6,0,"operative",57.4,51.5,40.6,46.6,56.8
"male","english","low","no","public","academic",-0.82,-0.76,0,"clerical",57.4,43.7,59.6,52.6,50.6
"male","english","middle","no","private","academic",0.32,1.19,1,"prof1",57.4,61.9,64,55.8,55.6
"female","mandarin","high","yes","public","academic",0.23,-0.6,1,"prof2",57.4,67.1,68,59.1,65.5
"female","english","middle","no","public","academic",0.08,0.59,1,"prof1",57.4,56.7,53.9,60.7,60.5
"female","english","middle","no","public","academic",0.46,0.03,0.67,"prof1",57.4,59.3,53.9,49.8,55.6
"female","spanish","high","yes","private","academic",0.46,0.34,1,"prof1",57.4,54.1,59.6,60.7,70.5
"female","english","low","no","public","academic",0.89,0.34,0.33,"prof2",57.4,61.9,72.2,60.7,60.5
"female","english","middle","no","public","academic",-0.44,-0.78,1,"prof2",58,48.9,43.8,44.4,65.5
"female","english","low","no","public","academic",1.16,0.63,0.67,"sales",58.5,54.1,46.3,48.2,53.1
"female","english","middle","yes","public","academic",1.36,0.65,0.67,"prof2",59,56.7,52.9,48.8,56.8
"female","english","middle","no","public","academic",0.94,-0.3,1,"prof2",60.1,67.1,52.4,55.3,50.6
"male","english","high","no","public","vocation",-0.51,-1.98,0,"not working",60.1,57.3,58.8,58,50.6
"male","english","high","no","public","vocation",1.13,0.56,1,"manager",60.1,48.9,50.4,55.3,65.5
"male","english","low","no","public","vocation",0.22,0.03,0.67,"technical",60.1,41.7,52,52.6,50.6
"male","english","middle","no","public","academic",0.69,0.05,0.67,"prof2",60.1,59.3,57.9,40.6,65.5
"female","spanish","low","yes","private","general",0.06,0.32,0,"service",60.1,54.1,49.9,49.8,50.6
"male","english","middle","no","public","vocation",0.48,0.03,1,"prof2",60.1,46.3,51.4,52.6,60.5
"female","english","high","no","private","academic",0.02,-0.14,0,"prof1",60.1,64.5,67,58.5,66.8
"male","english","high","no","public","academic",0.27,0.03,1,"prof2",60.1,51.5,48.1,52.6,55.6
"female","english","high","no","public","academic",0.45,0.03,0.67,"prof1",60.1,61.9,51.9,53.1,58.1
"female","english","high","no","public","academic",0.75,1.19,1,"prof1",60.1,61.9,67.1,49.8,55.6
"female","english","high","no","private","academic",-0.19,1.19,1,"prof1",60.1,61.9,54.6,60.7,65.5
"male","english","middle","no","public","academic",-0.44,1.19,1,"craftsman",60.1,54.1,59.6,55.3,65.5
"female","mandarin","high","yes","public","academic",0.11,-1.42,1,"technical",60.1,59.3,62.1,60.7,50.6
"male","english","low","no","public","academic",0.65,-0.3,1,"prof2",60.1,61.9,74.6,58,60.5
"female","english","middle","no","public","general",0.51,0.03,0.33,"manager",60.1,51.5,53.9,63.4,50.6
"female","english","high","no","public","academic",0.71,0.28,1,"proprietor",60.1,64.5,63,68.8,60.5
"male","english","high","no","private","academic",0.27,-1.05,0.33,"prof1",60.1,54.1,56.3,55.3,55.6
"female","english","high","no","private","academic",0.26,0.94,1,"prof2",60.1,59.3,51.8,53.1,55.6
"female","english","middle","no","private","academic",1.16,1.19,1,"technical",60.1,59.3,55.3,58,45.6
"male","english","middle","no","public","academic",0.2,0.56,0.67,"protective",60.1,52.8,51.5,58,50.6
"female","english","middle","no","public","academic",0.2,-0.55,0.67,"prof1",60.1,61.9,48.7,49.8,50.6
"male","english","high","no","public","academic",-0.38,0.03,1,"prof1",60.1,54.1,58,58,60.5
"female","english","middle","no","public","vocation",0.06,0.28,1,"sales",60.1,59.3,56.2,60.7,60.5
"male","english","high","no","public","general",0.66,0.34,1,"military",60.1,51.5,53,63.4,55.6
"male","spanish","high","yes","public","academic",1.16,0.32,1,"prof1",60.1,54.1,48.6,58,30.6
"female","english","middle","no","public","academic",0.02,-1.05,0.33,"prof1",60.1,64.5,61.2,60.7,50.6
"female","english","middle","no","public","academic",0.71,-0.55,1,"prof1",60.1,59.3,64.3,60.7,65.5
"male","english","high","no","public","general",1.13,0.63,0.67,"prof2",60.1,64.5,57.9,60.7,65.5
"female","spanish","high","yes","public","academic",0.26,0.03,1,"prof2",60.1,64.5,55.7,63.4,60.5
"female","english","middle","no","public","academic",0.46,0.03,1,"prof2",60.1,64.5,56.3,63.4,60.5
"male","spanish","high","yes","public","academic",-0.68,-0.26,0,"craftsman",60.1,51.5,56.8,60.7,60.5
"female","english","low","no","public","vocation",-0.89,-1.29,0.33,"prof1",60.1,64.5,41,52.6,50.6
"female","english","middle","yes","public","academic",0.91,-0.28,1,"military",60.1,67.1,56.2,37.4,50.6
"female","english","low","no","public","academic",0.91,0.03,1,"clerical",60.6,59.3,49.4,44.4,65.5
"male","english","middle","no","public","academic",0.89,0.59,0.67,"manager",60.6,56.7,70.5,58,65.5
"female","english","middle","no","public","academic",0.22,-0.57,1,"clerical",61.1,67.1,64.5,50.4,55.6
"female","english","middle","no","public","academic",0,0.03,0.67,"clerical",61.1,61.2,62.2,57.4,53.1
"male","english","middle","no","public","general",0.46,0.34,0.67,"prof1",62.2,56.7,51.9,54.7,58.1
"male","english","middle","no","private","academic",0.55,0.34,1,"technical",62.7,61.9,72.9,63.4,55.6
"female","english","low","yes","public","academic",-0.24,-0.16,0.33,"technical",62.7,61.9,52.4,47.1,60.5
"male","mandarin","high","yes","private","academic",-1.05,0.28,0.67,"prof1",62.7,64.5,66.3,58,60.5
"female","english","low","no","public","academic",0,0.34,1,"service",62.7,59.9,65.4,53.6,65.5
"male","english","middle","no","public","vocation",0.26,0.03,1,"operative",62.7,59.3,53.2,63.4,55.6
"male","mandarin","middle","yes","public","academic",1.36,0.59,1,"prof2",62.7,67.1,69.6,68.8,55.6
"female","english","middle","no","public","academic",0.93,0.65,1,"manager",62.7,59.3,71.3,68.8,60.5
"female","english","middle","no","public","general",-0.38,-0.47,0.67,"homemaker",62.7,43.7,44.7,52.6,41.9
"male","english","middle","no","public","general",-0.17,-0.84,0.67,"service",62.7,56.7,54.3,58,50.6
"female","english","high","no","public","academic",0.28,0.03,0.67,"prof1",62.7,67.1,65.6,61.8,65.5
"female","english","low","no","public","academic",-0.18,-1.09,0.67,"service",62.7,56.7,58.8,71.5,60.5
"female","english","middle","no","public","vocation",0,-0.18,0,"prof1",62.7,59.3,55.5,45.5,46.8
"male","english","middle","no","public","academic",1.36,0.63,1,"prof2",62.7,61.9,68.6,68.8,55.6
"male","english","low","no","public","academic",0.48,0.69,0.67,"technical",62.7,43,58.9,65,44.3
"male","spanish","low","yes","public","academic",0.44,-0.47,0.33,"prof2",62.7,64.5,48,63.4,55.6
"female","english","middle","no","private","academic",1.36,-1.18,1,"prof1",62.7,61.9,63.1,60.7,60.5
"male","english","middle","no","private","academic",0.47,0.03,0.67,"sales",62.7,59.3,48.8,55.3,70.5
"female","english","low","no","public","vocation",0.06,-0.6,0.67,"prof1",62.7,56,57.3,60.7,56.8
"male","english","middle","no","private","academic",0.02,0.03,0.33,"prof1",62.7,54.1,64.7,58,50.6
"male","english","high","no","public","academic",0.32,0.28,0.67,"technical",62.7,63.2,68.9,74.2,70.5
"male","english","low","no","public","general",0.44,-0.16,0.67,"prof1",62.7,48.9,48.8,66.1,45.6
"male","english","middle","no","private","academic",0.71,0.28,0.67,"technical",62.7,56.7,54.7,58,40.6
"female","english","middle","no","public","academic",0.71,0.34,0,"craftsman",62.7,64.5,57.4,60.7,70.5
"male","english","middle","no","public","academic",0.68,-0.26,1,"prof2",62.7,61.9,56.2,47.1,45.6
"female","english","middle","no","public","academic",-1.56,0.03,0.33,"service",62.7,54.1,53,55.3,45.6
"male","english","high","no","public","vocation",-0.4,-1.09,0.67,"military",62.7,43.7,47.1,52.6,55.6
"male","english","middle","no","public","vocation",0.1,0.03,0,"farmer",62.7,48.9,42.1,66.1,70.5
"female","english","high","no","private","academic",0.73,0.03,1,"prof1",62.7,62.5,68.9,60.7,60.5
"female","english","high","no","public","academic",1.13,0.03,0.67,"prof1",62.7,64.5,64.5,52.6,60.5
"female","english","high","no","public","academic",0.06,0.32,1,"clerical",62.7,64.5,70.5,68.8,70.5
"female","english","high","no","private","academic",0.48,-0.82,0.33,"prof1",62.7,64.5,58.2,61.8,61.8
"male","english","middle","no","public","vocation",-0.16,-0.53,0.67,"laborer",62.7,61.9,67,66.1,45.6
"female","english","high","no","private","academic",0.23,0.03,1,"clerical",62.7,61.9,55.5,55.3,60.5
"male","english","middle","no","public","academic",0.46,0.03,0.67,"prof1",62.7,54.1,54.8,55.3,65.5
"male","english","high","yes","public","academic",0.68,0.94,1,"prof1",62.7,52.1,66.1,68.8,50.6
"female","english","low","no","public","general",0,-1.09,0.67,"prof1",62.7,51.5,45.9,47.1,45.6
"male","english","middle","no","public","vocation",0.05,-0.88,0.67,"craftsman",62.7,63.2,74.6,71.5,65.5
"male","english","high","no","public","academic",-0.33,0.38,0.67,"manager",62.7,59.3,56.5,55.3,55.6
"male","english","middle","no","public","general",-1.58,-0.26,0.33,"military",62.7,48.9,35.3,66.1,40.6
"female","english","middle","no","public","general",0.46,0.34,0.67,"prof1",62.7,61.9,52.9,44.4,40.6
"female","english","middle","no","public","academic",0,0.03,0.67,"prof1",62.7,64.5,38.3,55.8,55.6
"female","english","middle","no","public","vocation",0.06,0.03,0.67,"service",62.7,61.9,58.8,60.7,60.5
"male","english","high","no","public","academic",0.06,0.03,1,"prof1",62.7,64.5,71.3,55.3,70.5
"female","english","high","no","public","academic",0.45,0.03,1,"homemaker",62.7,51.5,54.4,49.8,50.6
"female","english","high","no","public","academic",1.11,0.9,0.33,"manager",62.7,64.5,61.4,58,60.5
"female","mandarin","middle","yes","public","academic",0.55,0.9,1,"prof1",62.7,61.9,59.6,60.7,65.5
"female","english","middle","no","private","vocation",0.43,-1.09,0.67,"school",63.3,64.5,52.1,58,65.5
"male","english","high","no","private","academic",0.06,1.19,1,"proprietor",65.4,64.5,67.9,63.4,55.6
"female","english","high","no","public","academic",0.52,0.34,1,"prof2",65.4,54.1,61.4,58,55.6
"male","english","high","no","private","academic",0.03,0.56,0.67,"craftsman",65.4,67.1,63,66.1,70.5
"male","english","middle","no","public","general",0.68,0.03,1,"prof2",65.4,64.5,51.3,66.1,65.5
"male","spanish","middle","yes","private","academic",0.26,0.88,1,"prof1",65.4,59.3,62.3,60.7,65.5
"male","english","middle","no","public","academic",0.04,0.03,0.67,"prof1",65.4,51.5,61.2,68.8,60.5
"female","english","middle","no","public","general",0.46,0.03,1,"prof2",65.4,51.5,61.4,60.7,50.6
"male","english","high","no","public","academic",-0.93,-0.22,0.67,"prof2",65.4,64.5,65.5,60.7,65.5
"female","english","high","no","public","general",0.46,-1.11,0.33,"prof1",65.4,67.1,67,66.1,70.5
"male","english","middle","no","public","academic",0.91,0.59,1,"prof2",65.4,67.1,67.1,66.1,61.8
"male","english","middle","no","public","academic",0.73,0.03,1,"technical",65.4,59.3,69.6,63.4,50.6
"female","english","middle","no","public","academic",1.16,0.65,1,"clerical",65.4,67.1,63.1,55.3,70.5
"male","english","middle","no","public","academic",0.66,0.03,0.33,"manager",65.4,59.3,67.1,66.1,65.5
"male","english","high","no","private","academic",1.11,0.34,1,"prof2",65.4,64.5,64.1,66.1,70.5
"female","mandarin","high","yes","public","academic",0.02,0.03,0.67,"prof2",65.4,56.7,62.3,58.5,55.6
"male","english","high","no","public","general",1.16,-0.81,0.67,"prof1",65.4,64.5,48,63.4,65.5
"female","english","high","no","public","academic",0.48,0.03,1,"homemaker",65.4,61.9,60.4,63.4,60.5
"male","mandarin","high","yes","public","academic",-0.17,0.31,1,"prof2",65.4,67.1,75.5,71.5,70.5
"female","english","middle","no","public","general",0.23,0.03,1,"sales",65.4,56.7,65.4,58,70.5
"female","english","middle","no","public","academic",0.23,-0.76,1,"prof1",65.4,64.5,59.6,66.1,60.5
"female","english","middle","no","public","general",0.07,0.34,1,"prof1",65.4,59.3,51.2,60.7,55.6
"male","english","high","no","public","academic",1.36,1.19,1,"prof1",65.4,48.9,66.3,58,35.6
"male","english","middle","no","private","academic",0.96,0.63,1,"protective",65.4,64.5,70.3,66.1,65.5
"female","english","high","no","public","academic",0.06,0.65,0,"prof1",65.4,59.3,56.8,46.1,65.5
"female","mandarin","low","yes","public","academic",-0.71,-2.29,0.33,"prof1",65.4,64.5,63.7,58,70.5
"female","english","high","no","public","academic",0.68,0.03,1,"sales",65.4,67.1,64.5,60.7,70.5
"male","english","middle","no","public","general",-0.49,0.03,0.33,"prof1",65.4,59.3,56.8,66.1,60.5
"female","english","high","no","private","academic",-0.47,0.28,1,"prof2",65.4,61.9,47.1,60.7,60.5
"male","mandarin","low","yes","public","vocation",-0.45,-0.64,0.33,"prof1",65.4,56.7,55.2,52.6,55.6
"male","english","high","no","public","academic",0.46,0.94,1,"prof2",65.4,61.9,67.9,66.1,65.5
"female","english","middle","no","public","vocation",0.06,-0.28,1,"clerical",65.9,64.5,54.6,60.7,60.5
"female","english","high","yes","public","academic",1.14,1.19,1,"prof1",65.9,67.1,67.1,60.7,65.5
"female","english","middle","no","public","general",0.93,0.03,1,"prof2",65.9,67.1,70.5,52.6,65.5
"female","english","high","no","public","academic",0.46,1.19,0.67,"prof2",65.9,64.5,61.8,60.7,60.5
"female","english","low","no","public","vocation",0.06,0.28,1,"farmer",65.9,63.2,50.3,60.1,55.6
"female","english","middle","no","public","vocation",0.91,0.34,1,"clerical",68,59.3,53,63.4,60.5
"male","english","high","no","public","general",0.7,-0.16,0.33,"prof1",68,59.3,55.7,63.4,65.5
"male","english","high","no","public","academic",0.46,0.65,1,"prof1",68,54.1,63,63.4,60.5
"male","english","middle","no","public","academic",-0.16,0.65,1,"military",68,61.9,69.7,71.5,60.5
"female","english","middle","no","public","vocation",0.06,0.03,1,"clerical",68,61.9,55.5,49.8,50.6
"male","english","middle","yes","public","academic",0.89,0.15,0.67,"prof2",68,59.3,56.6,50.4,60.5
"female","english","high","no","public","academic",0.94,0.03,1,"prof2",68,56.7,59.6,58,25.7
"female","english","middle","no","public","general",0.89,0.65,0.67,"prof1",68,48.9,56.3,63.4,55.6
"male","english","high","no","public","academic",0.75,1.19,1,"prof2",68,61.9,52.2,60.7,65.5
"female","english","low","no","public","academic",0,0.65,1,"technical",68,64.5,58.3,58.5,55.6
"female","english","low","no","public","vocation",1.36,0.63,1,"clerical",68,64.5,58.9,63.4,45.6
"female","english","high","no","public","academic",0.71,0.34,0.67,"prof1",68,61.9,64.5,68.8,60.5
"female","english","middle","no","public","academic",0.46,-0.86,1,"school",68,59.3,60.5,55.3,70.5
"female","english","high","no","public","academic",0.71,0.03,1,"school",68,61.9,72.2,66.1,56.8
"male","english","middle","no","public","academic",0.46,-0.47,0.67,"prof2",68,64.5,70.6,68.8,59.3
"female","english","high","no","public","academic",0.52,0.59,1,"prof1",68,59.9,64,68.8,65.5
"female","english","high","no","public","academic",0.5,0.03,0.67,"not working",68,59.3,58.8,66.1,65.5
"female","mandarin","middle","yes","public","academic",0.46,-1.17,0,"prof1",68,62.5,65.4,60.7,60.5
"male","english","high","no","public","academic",0.47,0.01,1,"prof2",68,64.5,61.5,55.3,60.5
"male","english","middle","no","public","general",0.46,0.65,1,"technical",68,59.3,57.9,74.2,65.5
"male","english","middle","no","private","academic",0.06,0.03,0.33,"prof1",68,59.3,71.3,66.1,55.6
"male","english","middle","no","private","academic",-0.61,0.34,0.67,"technical",68,54.1,74.6,66.1,65.5
"male","english","high","no","public","academic",0.42,0.56,0.67,"not working",70.7,56,62,67.7,63
"male","spanish","middle","yes","public","academic",1.36,0.44,0.67,"prof1",70.7,58,65.4,63.4,60.5
"female","english","low","no","public","academic",-0.14,-1.05,1,"prof1",70.7,65.1,66.4,63.4,60.5
"male","english","low","no","public","academic",0.24,-0.43,0.33,"technical",70.7,43.7,58.8,66.1,60.5
"female","english","middle","no","public","academic",1.16,1.19,1,"prof2",70.7,64.5,72.2,66.1,55.6
"female","english","high","no","private","academic",0.46,-0.22,1,"prof2",70.7,64.5,68.7,58,70.5
"male","english","middle","no","public","academic",0.46,0.03,1,"military",70.7,56.7,51.3,71.5,55.6
"female","english","middle","yes","public","general",1.11,-1.05,0.33,"prof1",70.7,67.1,63,63.4,65.5
"female","english","middle","no","public","academic",1.16,0.03,1,"manager",70.7,67.1,61.2,60.7,70.5
"male","english","middle","no","public","academic",0.68,0.03,0.67,"prof2",71.2,63.2,60.2,65.5,65.5
"male","english","high","no","public","academic",0.68,0.03,0.33,"prof1",73.3,64.5,64,60.7,65.5
"male","english","middle","no","public","academic",0.46,0.03,0,"operative",73.3,61.9,73.1,68.8,65.5
"male","english","middle","no","public","academic",1.13,-0.6,0.67,"technical",73.3,67.1,71.3,63.4,65.5
"male","spanish","high","yes","public","academic",0.28,0.03,1,"prof2",73.3,64.5,68,63.4,70.5
"male","mandarin","high","yes","public","academic",0,0.15,0.33,"prof2",73.3,64.5,75.5,60.7,50.6
"female","english","high","no","public","academic",1.11,0.34,1,"prof2",73.3,67.1,62.3,58,65.5
"male","english","high","no","public","academic",0.02,0.13,0.33,"prof1",73.3,59.9,70.5,60.7,70.5
"female","spanish","high","yes","private","academic",0.42,-0.47,0.33,"prof2",73.3,61.2,57.4,54.7,65.5
"male","english","middle","no","public","academic",0.08,0.94,0.67,"prof2",73.3,61.9,60.5,71.5,55.6
"male","english","high","no","public","academic",-0.19,-0.73,0.67,"prof2",73.3,60.6,64.7,66.1,65.5
"male","english","high","no","public","academic",0.46,0.34,1,"prof1",76,52.1,64.1,63.9,60.5
"female","english","high","no","public","academic",1.13,0.87,1,"prof2",76,62.5,60,67.2,65.5
"female","english","middle","no","public","academic",0.25,-0.47,0.33,"prof2",76,67.1,72.2,66.1,65.5
